time,num_actors,gdp,transactions,min_transaction,max_transaction,projected_expenses,projected_revenue,collected_tax,tax_scale,tax_brackets,failed_tax,collected_vat,failed_vat,debt
0,10000,0.0000,0,17014118346046923173168730371588410.5727,-17014118346046923173168730371588410.5728,0.0000,0.0000,0.0000,,,0,0.0000,0,525743155.0000
12,10000,509835200.7313,106948,82.8167,175689.2817,250158240.0000,250173860.9261,250173860.9261,[1] [1] [1] [1] [1] [1] [1] [1] [1] [1] [1] [1] ,[(0..) - 49.07%] [(0..) - 49.07%] [(0..) - 49.07%] [(0..) - 49.07%] [(0..) - 49.07%] [(0..) - 49.07%] [(0..) - 49.07%] [(0..) - 49.07%] [(0..) - 49.07%] [(0..) - 49.07%] [(0..) - 49.07%] [(0..) - 49.07%] ,0,0.0000,0,525743155.0000
24,10000,509829115.3755,100168,492.3689,180650.9754,250158240.0000,250174977.2541,250174977.2541,[1] [1] [1] [1] [1] [1] [1] [1] [1] [1] [1] [1] ,[(0..) - 49.07%] [(0..) - 49.07%] [(0..) - 49.07%] [(0..) - 49.07%] [(0..) - 49.07%] [(0..) - 49.07%] [(0..) - 49.07%] [(0..) - 49.07%] [(0..) - 49.07%] [(0..) - 49.07%] [(0..) - 49.07%] [(0..) - 49.07%] ,0,0.0000,0,525743155.0000
36,10000,509873119.3049,98004,613.3781,180757.9850,250158240.0000,250193656.9212,250193656.9212,[1] [1] [1] [1] [1] [1] [1] [1] [1] [1] [1] [1] ,[(0..) - 49.07%] [(0..) - 49.07%] [(0..) - 49.07%] [(0..) - 49.07%] [(0..) - 49.07%] [(0..) - 49.07%] [(0..) - 49.07%] [(0..) - 49.07%] [(0..) - 49.07%] [(0..) - 49.07%] [(0..) - 49.07%] [(0..) - 49.07%] ,0,0.0000,0,525743155.0000
48,10000,509888899.8180,97750,664.7762,200584.5050,250158240.0000,250202375.3748,250202375.3748,[1] [1] [1] [1] [1] [1] [1] [1] [1] [1] [1] [1] ,[(0..) - 49.07%] [(0..) - 49.07%] [(0..) - 49.07%] [(0..) - 49.07%] [(0..) - 49.07%] [(0..) - 49.07%] [(0..) - 49.07%] [(0..) - 49.07%] [(0..) - 49.07%] [(0..) - 49.07%] [(0..) - 49.07%] [(0..) - 49.07%] ,0,0.0000,0,525743155.0000
60,10000,509844283.7250,97831,550.2855,207019.7756,250158240.0000,250180332.8283,250180332.8283,[1] [1] [1] [1] [1] [1] [1] [1] [1] [1] [1] [1] ,[(0..) - 49.07%] [(0..) - 49.07%] [(0..) - 49.07%] [(0..) - 49.07%] [(0..) - 49.07%] [(0..) - 49.07%] [(0..) - 49.07%] [(0..) - 49.07%] [(0..) - 49.07%] [(0..) - 49.07%] [(0..) - 49.07%] [(0..) - 49.07%] ,0,0.0000,0,525743155.0000
72,10000,509866826.0736,96861,480.8524,211964.0513,250158240.0000,250173278.5107,250173278.5107,[1] [1] [1] [1] [1] [1] [1] [1] [1] [1] [1] [1] ,[(0..) - 49.07%] [(0..) - 49.07%] [(0..) - 49.07%] [(0..) - 49.07%] [(0..) - 49.07%] [(0..) - 49.07%] [(0..) - 49.07%] [(0..) - 49.07%] [(0..) - 49.07%] [(0..) - 49.07%] [(0..) - 49.07%] [(0..) - 49.07%] ,0,0.0000,0,525743155.0000
84,10000,509816119.6520,97256,553.0103,219167.0390,250158240.0000,250186196.8265,250186196.8265,[1] [1] [1] [1] [1] [1] [1] [1] [1] [1] [1] [1] ,[(0..) - 49.07%] [(0..) - 49.07%] [(0..) - 49.07%] [(0..) - 49.07%] [(0..) - 49.07%] [(0..) - 49.07%] [(0..) - 49.07%] [(0..) - 49.07%] [(0..) - 49.07%] [(0..) - 49.07%] [(0..) - 49.07%] [(0..) - 49.07%] ,0,0.0000,0,525743155.0000
96,10000,509826614.7474,97208,530.1408,240168.1497,250158240.0000,250171701.0006,250171701.0006,[1] [1] [1] [1] [1] [1] [1] [1] [1] [1] [1] [1] ,[(0..) - 49.07%] [(0..) - 49.07%] [(0..) - 49.07%] [(0..) - 49.07%] [(0..) - 49.07%] [(0..) - 49.07%] [(0..) - 49.07%] [(0..) - 49.07%] [(0..) - 49.07%] [(0..) - 49.07%] [(0..) - 49.07%] [(0..) - 49.07%] ,0,0.0000,0,525743155.0000
108,10000,509821620.8484,98689,480.1283,290483.9201,250158240.0000,250170200.4204,250170200.4204,[1] [1] [1] [1] [1] [1] [1] [1] [1] [1] [1] [1] ,[(0..) - 49.07%] [(0..) - 49.07%] [(0..) - 49.07%] [(0..) - 49.07%] [(0..) - 49.07%] [(0..) - 49.07%] [(0..) - 49.07%] [(0..) - 49.07%] [(0..) - 49.07%] [(0..) - 49.07%] [(0..) - 49.07%] [(0..) - 49.07%] ,0,0.0000,0,525743155.0000
120,10000,509821016.3409,99685,530.5453,235269.2635,250158240.0000,250167321.2386,250167321.2386,[1] [1] [1] [1] [1] [1] [1] [1] [1] [1] [1] [1] ,[(0..) - 49.07%] [(0..) - 49.07%] [(0..) - 49.07%] [(0..) - 49.07%] [(0..) - 49.07%] [(0..) - 49.07%] [(0..) - 49.07%] [(0..) - 49.07%] [(0..) - 49.07%] [(0..) - 49.07%] [(0..) - 49.07%] [(0..) - 49.07%] ,0,0.0000,0,525743155.0000
132,10000,509899030.8512,101100,531.3748,281104.3888,250158240.0000,250207018.9737,250207018.9737,[1] [1] [1] [1] [1] [1] [1] [1] [1] [1] [1] [1] ,[(0..) - 49.07%] [(0..) - 49.07%] [(0..) - 49.07%] [(0..) - 49.07%] [(0..) - 49.07%] [(0..) - 49.07%] [(0..) - 49.07%] [(0..) - 49.07%] [(0..) - 49.07%] [(0..) - 49.07%] [(0..) - 49.07%] [(0..) - 49.07%] ,0,0.0000,0,525743155.0000
144,10000,509820288.1860,102330,422.9354,308074.8835,250158240.0000,250168650.1201,250168650.1201,[1] [1] [1] [1] [1] [1] [1] [1] [1] [1] [1] [1] ,[(0..) - 49.07%] [(0..) - 49.07%] [(0..) - 49.07%] [(0..) - 49.07%] [(0..) - 49.07%] [(0..) - 49.07%] [(0..) - 49.07%] [(0..) - 49.07%] [(0..) - 49.07%] [(0..) - 49.07%] [(0..) - 49.07%] [(0..) - 49.07%] ,0,0.0000,0,525743155.0000
156,10000,509810375.9179,103712,548.8427,384537.3764,250158240.0000,250165477.8262,250165477.8262,[1] [1] [1] [1] [1] [1] [1] [1] [1] [1] [1] [1] ,[(0..) - 49.07%] [(0..) - 49.07%] [(0..) - 49.07%] [(0..) - 49.07%] [(0..) - 49.07%] [(0..) - 49.07%] [(0..) - 49.07%] [(0..) - 49.07%] [(0..) - 49.07%] [(0..) - 49.07%] [(0..) - 49.07%] [(0..) - 49.07%] ,0,0.0000,0,525743155.0000
168,10000,509805555.7493,104936,588.5653,700306.7915,250158240.0000,250160398.8174,250160398.8174,[1] [1] [1] [1] [1] [1] [1] [1] [1] [1] [1] [1] ,[(0..) - 49.07%] [(0..) - 49.07%] [(0..) - 49.07%] [(0..) - 49.07%] [(0..) - 49.07%] [(0..) - 49.07%] [(0..) - 49.07%] [(0..) - 49.07%] [(0..) - 49.07%] [(0..) - 49.07%] [(0..) - 49.07%] [(0..) - 49.07%] ,0,0.0000,0,525743155.0000
180,10000,509833265.3597,107005,394.1410,404114.4886,250158240.0000,250177059.1244,250177059.1244,[1] [1] [1] [1] [1] [1] [1] [1] [1] [1] [1] [1] ,[(0..) - 49.07%] [(0..) - 49.07%] [(0..) - 49.07%] [(0..) - 49.07%] [(0..) - 49.07%] [(0..) - 49.07%] [(0..) - 49.07%] [(0..) - 49.07%] [(0..) - 49.07%] [(0..) - 49.07%] [(0..) - 49.07%] [(0..) - 49.07%] ,0,0.0000,0,525743155.0000
192,10000,509823144.8220,107998,542.2702,287536.8426,250158240.0000,250169932.6466,250169932.6466,[1] [1] [1] [1] [1] [1] [1] [1] [1] [1] [1] [1] ,[(0..) - 49.07%] [(0..) - 49.07%] [(0..) - 49.07%] [(0..) - 49.07%] [(0..) - 49.07%] [(0..) - 49.07%] [(0..) - 49.07%] [(0..) - 49.07%] [(0..) - 49.07%] [(0..) - 49.07%] [(0..) - 49.07%] [(0..) - 49.07%] ,0,0.0000,0,525743155.0000
204,10000,509832958.3463,109704,494.3435,417466.0619,250158240.0000,250172492.7908,250172492.7908,[1] [1] [1] [1] [1] [1] [1] [1] [1] [1] [1] [1] ,[(0..) - 49.07%] [(0..) - 49.07%] [(0..) - 49.07%] [(0..) - 49.07%] [(0..) - 49.07%] [(0..) - 49.07%] [(0..) - 49.07%] [(0..) - 49.07%] [(0..) - 49.07%] [(0..) - 49.07%] [(0..) - 49.07%] [(0..) - 49.07%] ,0,0.0000,0,525743155.0000
216,10000,509823701.9440,112015,424.7776,275015.7158,250158240.0000,250171916.3662,250171916.3662,[1] [1] [1] [1] [1] [1] [1] [1] [1] [1] [1] [1] ,[(0..) - 49.07%] [(0..) - 49.07%] [(0..) - 49.07%] [(0..) - 49.07%] [(0..) - 49.07%] [(0..) - 49.07%] [(0..) - 49.07%] [(0..) - 49.07%] [(0..) - 49.07%] [(0..) - 49.07%] [(0..) - 49.07%] [(0..) - 49.07%] ,0,0.0000,0,525743155.0000
228,10000,509896195.1758,114263,438.9469,479006.5949,250158240.0000,250206686.6989,250206686.6989,[1] [1] [1] [1] [1] [1] [1] [1] [1] [1] [1] [1] ,[(0..) - 49.07%] [(0..) - 49.07%] [(0..) - 49.07%] [(0..) - 49.07%] [(0..) - 49.07%] [(0..) - 49.07%] [(0..) - 49.07%] [(0..) - 49.07%] [(0..) - 49.07%] [(0..) - 49.07%] [(0..) - 49.07%] [(0..) - 49.07%] ,0,0.0000,0,525743155.0000
240,10000,509834833.6799,117165,418.4192,841161.6293,250158240.0000,250174371.0407,250174371.0407,[1] [1] [1] [1] [1] [1] [1] [1] [1] [1] [1] [1] ,[(0..) - 49.07%] [(0..) - 49.07%] [(0..) - 49.07%] [(0..) - 49.07%] [(0..) - 49.07%] [(0..) - 49.07%] [(0..) - 49.07%] [(0..) - 49.07%] [(0..) - 49.07%] [(0..) - 49.07%] [(0..) - 49.07%] [(0..) - 49.07%] ,0,0.0000,0,525743155.0000
252,10000,509842242.4128,119720,457.2457,555808.6550,250158240.0000,250182098.0543,250182098.0543,[1] [1] [1] [1] [1] [1] [1] [1] [1] [1] [1] [1] ,[(0..) - 49.07%] [(0..) - 49.07%] [(0..) - 49.07%] [(0..) - 49.07%] [(0..) - 49.07%] [(0..) - 49.07%] [(0..) - 49.07%] [(0..) - 49.07%] [(0..) - 49.07%] [(0..) - 49.07%] [(0..) - 49.07%] [(0..) - 49.07%] ,0,0.0000,0,525743155.0000
264,10000,509856042.7228,121681,486.3609,788116.0238,250158240.0000,250183107.5503,250183107.5503,[1] [1] [1] [1] [1] [1] [1] [1] [1] [1] [1] [1] ,[(0..) - 49.07%] [(0..) - 49.07%] [(0..) - 49.07%] [(0..) - 49.07%] [(0..) - 49.07%] [(0..) - 49.07%] [(0..) - 49.07%] [(0..) - 49.07%] [(0..) - 49.07%] [(0..) - 49.07%] [(0..) - 49.07%] [(0..) - 49.07%] ,0,0.0000,0,525743155.0000
276,10000,509855801.8236,123397,312.5308,466299.1965,250158240.0000,250189700.3499,250189700.3499,[1] [1] [1] [1] [1] [1] [1] [1] [1] [1] [1] [1] ,[(0..) - 49.07%] [(0..) - 49.07%] [(0..) - 49.07%] [(0..) - 49.07%] [(0..) - 49.07%] [(0..) - 49.07%] [(0..) - 49.07%] [(0..) - 49.07%] [(0..) - 49.07%] [(0..) - 49.07%] [(0..) - 49.07%] [(0..) - 49.07%] ,0,0.0000,0,525743155.0000
288,10000,509802529.5143,126941,371.4659,413316.6328,250158240.0000,250158871.4700,250158871.4700,[1] [1] [1] [1] [1] [1] [1] [1] [1] [1] [1] [1] ,[(0..) - 49.07%] [(0..) - 49.07%] [(0..) - 49.07%] [(0..) - 49.07%] [(0..) - 49.07%] [(0..) - 49.07%] [(0..) - 49.07%] [(0..) - 49.07%] [(0..) - 49.07%] [(0..) - 49.07%] [(0..) - 49.07%] [(0..) - 49.07%] ,0,0.0000,0,525743155.0000
300,10000,509817015.8378,127763,391.2815,1108013.0288,250158240.0000,250168243.0137,250168243.0137,[1] [1] [1] [1] [1] [1] [1] [1] [1] [1] [1] [1] ,[(0..) - 49.07%] [(0..) - 49.07%] [(0..) - 49.07%] [(0..) - 49.07%] [(0..) - 49.07%] [(0..) - 49.07%] [(0..) - 49.07%] [(0..) - 49.07%] [(0..) - 49.07%] [(0..) - 49.07%] [(0..) - 49.07%] [(0..) - 49.07%] ,0,0.0000,0,525743155.0000
312,10000,509810117.7991,130475,342.1360,605134.8291,250158240.0000,250162826.7479,250162826.7479,[1] [1] [1] [1] [1] [1] [1] [1] [1] [1] [1] [1] ,[(0..) - 49.07%] [(0..) - 49.07%] [(0..) - 49.07%] [(0..) - 49.07%] [(0..) - 49.07%] [(0..) - 49.07%] [(0..) - 49.07%] [(0..) - 49.07%] [(0..) - 49.07%] [(0..) - 49.07%] [(0..) - 49.07%] [(0..) - 49.07%] ,0,0.0000,0,525743155.0000
324,10000,510318170.3827,132532,335.1948,800868.0625,250158240.0000,250413531.1369,250413531.1369,[1] [1] [1] [1] [1] [1] [1] [1] [1] [1] [1] [1] ,[(0..) - 49.07%] [(0..) - 49.07%] [(0..) - 49.07%] [(0..) - 49.07%] [(0..) - 49.07%] [(0..) - 49.07%] [(0..) - 49.07%] [(0..) - 49.07%] [(0..) - 49.07%] [(0..) - 49.07%] [(0..) - 49.07%] [(0..) - 49.07%] ,0,0.0000,0,525743155.0000
336,10000,509820042.2608,136201,352.3068,863248.0803,250158240.0000,250168753.8852,250168753.8852,[1] [1] [1] [1] [1] [1] [1] [1] [1] [1] [1] [1] ,[(0..) - 49.07%] [(0..) - 49.07%] [(0..) - 49.07%] [(0..) - 49.07%] [(0..) - 49.07%] [(0..) - 49.07%] [(0..) - 49.07%] [(0..) - 49.07%] [(0..) - 49.07%] [(0..) - 49.07%] [(0..) - 49.07%] [(0..) - 49.07%] ,0,0.0000,0,525743155.0000
348,10000,509812843.5375,139417,354.1941,862503.9911,250158240.0000,250165537.5134,250165537.5134,[1] [1] [1] [1] [1] [1] [1] [1] [1] [1] [1] [1] ,[(0..) - 49.07%] [(0..) - 49.07%] [(0..) - 49.07%] [(0..) - 49.07%] [(0..) - 49.07%] [(0..) - 49.07%] [(0..) - 49.07%] [(0..) - 49.07%] [(0..) - 49.07%] [(0..) - 49.07%] [(0..) - 49.07%] [(0..) - 49.07%] ,0,0.0000,0,525743155.0000
360,10000,509806433.6792,143009,262.7921,731300.3706,250158240.0000,250162022.3228,250162022.3228,[1] [1] [1] [1] [1] [1] [1] [1] [1] [1] [1] [1] ,[(0..) - 49.07%] [(0..) - 49.07%] [(0..) - 49.07%] [(0..) - 49.07%] [(0..) - 49.07%] [(0..) - 49.07%] [(0..) - 49.07%] [(0..) - 49.07%] [(0..) - 49.07%] [(0..) - 49.07%] [(0..) - 49.07%] [(0..) - 49.07%] ,0,0.0000,0,525743155.0000
372,10000,509809165.2073,145910,287.1264,1146043.9682,250158240.0000,250163769.4006,250163769.4006,[1] [1] [1] [1] [1] [1] [1] [1] [1] [1] [1] [1] ,[(0..) - 49.07%] [(0..) - 49.07%] [(0..) - 49.07%] [(0..) - 49.07%] [(0..) - 49.07%] [(0..) - 49.07%] [(0..) - 49.07%] [(0..) - 49.07%] [(0..) - 49.07%] [(0..) - 49.07%] [(0..) - 49.07%] [(0..) - 49.07%] ,0,0.0000,0,525743155.0000
384,10000,509812075.1069,150258,334.4032,700366.0884,250158240.0000,250164910.5969,250164910.5969,[1] [1] [1] [1] [1] [1] [1] [1] [1] [1] [1] [1] ,[(0..) - 49.07%] [(0..) - 49.07%] [(0..) - 49.07%] [(0..) - 49.07%] [(0..) - 49.07%] [(0..) - 49.07%] [(0..) - 49.07%] [(0..) - 49.07%] [(0..) - 49.07%] [(0..) - 49.07%] [(0..) - 49.07%] [(0..) - 49.07%] ,0,0.0000,0,525743155.0000
396,10000,509807283.9885,154673,256.3498,748665.1605,250158240.0000,250161794.1996,250161794.1996,[1] [1] [1] [1] [1] [1] [1] [1] [1] [1] [1] [1] ,[(0..) - 49.07%] [(0..) - 49.07%] [(0..) - 49.07%] [(0..) - 49.07%] [(0..) - 49.07%] [(0..) - 49.07%] [(0..) - 49.07%] [(0..) - 49.07%] [(0..) - 49.07%] [(0..) - 49.07%] [(0..) - 49.07%] [(0..) - 49.07%] ,0,0.0000,0,525743155.0000
408,10000,509829073.7024,157611,293.9487,1103395.1182,250158240.0000,250173314.6492,250173314.6492,[1] [1] [1] [1] [1] [1] [1] [1] [1] [1] [1] [1] ,[(0..) - 49.07%] [(0..) - 49.07%] [(0..) - 49.07%] [(0..) - 49.07%] [(0..) - 49.07%] [(0..) - 49.07%] [(0..) - 49.07%] [(0..) - 49.07%] [(0..) - 49.07%] [(0..) - 49.07%] [(0..) - 49.07%] [(0..) - 49.07%] ,0,0.0000,0,525743155.0000
420,10000,509796949.9395,161180,207.3809,954525.3718,250158240.0000,250157326.1410,250157326.1410,[1] [1] [1] [1] [1] [1] [1] [1] [1] [1] [1] [1] ,[(0..) - 49.07%] [(0..) - 49.07%] [(0..) - 49.07%] [(0..) - 49.07%] [(0..) - 49.07%] [(0..) - 49.07%] [(0..) - 49.07%] [(0..) - 49.07%] [(0..) - 49.07%] [(0..) - 49.07%] [(0..) - 49.07%] [(0..) - 49.07%] ,0,0.0000,0,525743155.0000
432,10000,509807608.9288,164274,193.7074,1295730.6039,250158240.0000,250162642.1229,250162642.1229,[1] [1] [1] [1] [1] [1] [1] [1] [1] [1] [1] [1] ,[(0..) - 49.07%] [(0..) - 49.07%] [(0..) - 49.07%] [(0..) - 49.07%] [(0..) - 49.07%] [(0..) - 49.07%] [(0..) - 49.07%] [(0..) - 49.07%] [(0..) - 49.07%] [(0..) - 49.07%] [(0..) - 49.07%] [(0..) - 49.07%] ,0,0.0000,0,525743155.0000
444,10000,509808568.7864,167659,355.0208,1542477.8543,250158240.0000,250162552.1608,250162552.1608,[1] [1] [1] [1] [1] [1] [1] [1] [1] [1] [1] [1] ,[(0..) - 49.07%] [(0..) - 49.07%] [(0..) - 49.07%] [(0..) - 49.07%] [(0..) - 49.07%] [(0..) - 49.07%] [(0..) - 49.07%] [(0..) - 49.07%] [(0..) - 49.07%] [(0..) - 49.07%] [(0..) - 49.07%] [(0..) - 49.07%] ,0,0.0000,0,525743155.0000
456,10000,509808331.3498,173189,243.1624,1145555.8680,250158240.0000,250163094.8114,250163094.8114,[1] [1] [1] [1] [1] [1] [1] [1] [1] [1] [1] [1] ,[(0..) - 49.07%] [(0..) - 49.07%] [(0..) - 49.07%] [(0..) - 49.07%] [(0..) - 49.07%] [(0..) - 49.07%] [(0..) - 49.07%] [(0..) - 49.07%] [(0..) - 49.07%] [(0..) - 49.07%] [(0..) - 49.07%] [(0..) - 49.07%] ,0,0.0000,0,525743155.0000
468,10000,509801412.7877,178477,249.6530,782539.3000,250158240.0000,250159675.4401,250159675.4401,[1] [1] [1] [1] [1] [1] [1] [1] [1] [1] [1] [1] ,[(0..) - 49.07%] [(0..) - 49.07%] [(0..) - 49.07%] [(0..) - 49.07%] [(0..) - 49.07%] [(0..) - 49.07%] [(0..) - 49.07%] [(0..) - 49.07%] [(0..) - 49.07%] [(0..) - 49.07%] [(0..) - 49.07%] [(0..) - 49.07%] ,0,0.0000,0,525743155.0000
480,10000,509795854.0019,180923,189.5970,1088324.5133,250158240.0000,250156900.4349,250156900.4349,[1] [1] [1] [1] [1] [1] [1] [1] [1] [1] [1] [1] ,[(0..) - 49.07%] [(0..) - 49.07%] [(0..) - 49.07%] [(0..) - 49.07%] [(0..) - 49.07%] [(0..) - 49.07%] [(0..) - 49.07%] [(0..) - 49.07%] [(0..) - 49.07%] [(0..) - 49.07%] [(0..) - 49.07%] [(0..) - 49.07%] ,0,0.0000,0,525743155.0000
492,10000,509807278.0350,186540,261.6301,1189135.3190,250158240.0000,250162920.4914,250162920.4914,[1] [1] [1] [1] [1] [1] [1] [1] [1] [1] [1] [1] ,[(0..) - 49.07%] [(0..) - 49.07%] [(0..) - 49.07%] [(0..) - 49.07%] [(0..) - 49.07%] [(0..) - 49.07%] [(0..) - 49.07%] [(0..) - 49.07%] [(0..) - 49.07%] [(0..) - 49.07%] [(0..) - 49.07%] [(0..) - 49.07%] ,0,0.0000,0,525743155.0000
504,10000,509803112.0730,187813,279.1943,1375119.9157,250158240.0000,250160306.3887,250160306.3887,[1] [1] [1] [1] [1] [1] [1] [1] [1] [1] [1] [1] ,[(0..) - 49.07%] [(0..) - 49.07%] [(0..) - 49.07%] [(0..) - 49.07%] [(0..) - 49.07%] [(0..) - 49.07%] [(0..) - 49.07%] [(0..) - 49.07%] [(0..) - 49.07%] [(0..) - 49.07%] [(0..) - 49.07%] [(0..) - 49.07%] ,0,0.0000,0,525743155.0000
516,10000,509808802.6916,191999,181.9954,1410564.4254,250158240.0000,250161694.2672,250161694.2672,[1] [1] [1] [1] [1] [1] [1] [1] [1] [1] [1] [1] ,[(0..) - 49.07%] [(0..) - 49.07%] [(0..) - 49.07%] [(0..) - 49.07%] [(0..) - 49.07%] [(0..) - 49.07%] [(0..) - 49.07%] [(0..) - 49.07%] [(0..) - 49.07%] [(0..) - 49.07%] [(0..) - 49.07%] [(0..) - 49.07%] ,0,0.0000,0,525743155.0000
528,10000,510208546.9501,195729,167.1837,1549511.5442,250158240.0000,250162707.5984,250162707.5984,[1] [1] [1] [1] [1] [1] [1] [1] [1] [1] [1] [1] ,[(0..) - 49.07%] [(0..) - 49.07%] [(0..) - 49.07%] [(0..) - 49.07%] [(0..) - 49.07%] [(0..) - 49.07%] [(0..) - 49.07%] [(0..) - 49.07%] [(0..) - 49.07%] [(0..) - 49.07%] [(0..) - 49.07%] [(0..) - 49.07%] ,0,0.0000,0,525743155.0000
540,10000,509797345.5487,199733,215.7641,1267262.0394,250158240.0000,250355517.0233,250355517.0233,[1] [1] [1] [1] [1] [1] [1] [1] [1] [1] [1] [1] ,[(0..) - 49.07%] [(0..) - 49.07%] [(0..) - 49.07%] [(0..) - 49.07%] [(0..) - 49.07%] [(0..) - 49.07%] [(0..) - 49.07%] [(0..) - 49.07%] [(0..) - 49.07%] [(0..) - 49.07%] [(0..) - 49.07%] [(0..) - 49.07%] ,0,0.0000,0,525743155.0000
552,10000,509802113.5545,199394,225.4622,1474894.9013,250158240.0000,250159356.7328,250159356.7328,[1] [1] [1] [1] [1] [1] [1] [1] [1] [1] [1] [1] ,[(0..) - 49.07%] [(0..) - 49.07%] [(0..) - 49.07%] [(0..) - 49.07%] [(0..) - 49.07%] [(0..) - 49.07%] [(0..) - 49.07%] [(0..) - 49.07%] [(0..) - 49.07%] [(0..) - 49.07%] [(0..) - 49.07%] [(0..) - 49.07%] ,0,0.0000,0,525743155.0000
564,10000,509808742.2691,204597,168.1521,1916607.6129,250158240.0000,250163925.4306,250163925.4306,[1] [1] [1] [1] [1] [1] [1] [1] [1] [1] [1] [1] ,[(0..) - 49.07%] [(0..) - 49.07%] [(0..) - 49.07%] [(0..) - 49.07%] [(0..) - 49.07%] [(0..) - 49.07%] [(0..) - 49.07%] [(0..) - 49.07%] [(0..) - 49.07%] [(0..) - 49.07%] [(0..) - 49.07%] [(0..) - 49.07%] ,0,0.0000,0,525743155.0000
576,10000,509801049.7287,210255,164.9074,1540836.1000,250158240.0000,250158550.5125,250158550.5125,[1] [1] [1] [1] [1] [1] [1] [1] [1] [1] [1] [1] ,[(0..) - 49.07%] [(0..) - 49.07%] [(0..) - 49.07%] [(0..) - 49.07%] [(0..) - 49.07%] [(0..) - 49.07%] [(0..) - 49.07%] [(0..) - 49.07%] [(0..) - 49.07%] [(0..) - 49.07%] [(0..) - 49.07%] [(0..) - 49.07%] ,0,0.0000,0,525743155.0000
588,10000,509808353.2952,218497,221.5286,1191761.5482,250158240.0000,250163659.2949,250163659.2949,[1] [1] [1] [1] [1] [1] [1] [1] [1] [1] [1] [1] ,[(0..) - 49.07%] [(0..) - 49.07%] [(0..) - 49.07%] [(0..) - 49.07%] [(0..) - 49.07%] [(0..) - 49.07%] [(0..) - 49.07%] [(0..) - 49.07%] [(0..) - 49.07%] [(0..) - 49.07%] [(0..) - 49.07%] [(0..) - 49.07%] ,0,0.0000,0,525743155.0000
600,10000,510351169.6162,217435,175.2803,1540134.4874,250158240.0000,250429505.0372,250429505.0372,[1] [1] [1] [1] [1] [1] [1] [1] [1] [1] [1] [1] ,[(0..) - 49.07%] [(0..) - 49.07%] [(0..) - 49.07%] [(0..) - 49.07%] [(0..) - 49.07%] [(0..) - 49.07%] [(0..) - 49.07%] [(0..) - 49.07%] [(0..) - 49.07%] [(0..) - 49.07%] [(0..) - 49.07%] [(0..) - 49.07%] ,0,0.0000,0,525743155.0000
612,10000,509802384.6993,226071,202.3684,1246840.9022,250158240.0000,250159381.1402,250159381.1402,[1] [1] [1] [1] [1] [1] [1] [1] [1] [1] [1] [1] ,[(0..) - 49.07%] [(0..) - 49.07%] [(0..) - 49.07%] [(0..) - 49.07%] [(0..) - 49.07%] [(0..) - 49.07%] [(0..) - 49.07%] [(0..) - 49.07%] [(0..) - 49.07%] [(0..) - 49.07%] [(0..) - 49.07%] [(0..) - 49.07%] ,0,0.0000,0,525743155.0000
624,10000,510192095.8109,231021,158.0486,1209238.0922,250158240.0000,250351285.4203,250351285.4203,[1] [1] [1] [1] [1] [1] [1] [1] [1] [1] [1] [1] ,[(0..) - 49.07%] [(0..) - 49.07%] [(0..) - 49.07%] [(0..) - 49.07%] [(0..) - 49.07%] [(0..) - 49.07%] [(0..) - 49.07%] [(0..) - 49.07%] [(0..) - 49.07%] [(0..) - 49.07%] [(0..) - 49.07%] [(0..) - 49.07%] ,0,0.0000,0,525743155.0000
636,10000,509801953.5467,231317,179.9092,1374409.9590,250158240.0000,250159392.0488,250159392.0488,[1] [1] [1] [1] [1] [1] [1] [1] [1] [1] [1] [1] ,[(0..) - 49.07%] [(0..) - 49.07%] [(0..) - 49.07%] [(0..) - 49.07%] [(0..) - 49.07%] [(0..) - 49.07%] [(0..) - 49.07%] [(0..) - 49.07%] [(0..) - 49.07%] [(0..) - 49.07%] [(0..) - 49.07%] [(0..) - 49.07%] ,0,0.0000,0,525743155.0000
648,10000,509799054.1559,236757,107.0848,1464344.7986,250158240.0000,250158382.0629,250158382.0629,[1] [1] [1] [1] [1] [1] [1] [1] [1] [1] [1] [1] ,[(0..) - 49.07%] [(0..) - 49.07%] [(0..) - 49.07%] [(0..) - 49.07%] [(0..) - 49.07%] [(0..) - 49.07%] [(0..) - 49.07%] [(0..) - 49.07%] [(0..) - 49.07%] [(0..) - 49.07%] [(0..) - 49.07%] [(0..) - 49.07%] ,0,0.0000,0,525743155.0000
660,10000,509795465.2585,244209,134.0878,982779.9433,250158240.0000,250156822.5572,250156822.5572,[1] [1] [1] [1] [1] [1] [1] [1] [1] [1] [1] [1] ,[(0..) - 49.07%] [(0..) - 49.07%] [(0..) - 49.07%] [(0..) - 49.07%] [(0..) - 49.07%] [(0..) - 49.07%] [(0..) - 49.07%] [(0..) - 49.07%] [(0..) - 49.07%] [(0..) - 49.07%] [(0..) - 49.07%] [(0..) - 49.07%] ,0,0.0000,0,525743155.0000
672,10000,509801770.9458,253039,88.7734,989388.2552,250158240.0000,250160578.5286,250160578.5286,[1] [1] [1] [1] [1] [1] [1] [1] [1] [1] [1] [1] ,[(0..) - 49.07%] [(0..) - 49.07%] [(0..) - 49.07%] [(0..) - 49.07%] [(0..) - 49.07%] [(0..) - 49.07%] [(0..) - 49.07%] [(0..) - 49.07%] [(0..) - 49.07%] [(0..) - 49.07%] [(0..) - 49.07%] [(0..) - 49.07%] ,0,0.0000,0,525743155.0000
684,10000,509803211.8830,251363,151.9056,1284543.4153,250158240.0000,250160360.7296,250160360.7296,[1] [1] [1] [1] [1] [1] [1] [1] [1] [1] [1] [1] ,[(0..) - 49.07%] [(0..) - 49.07%] [(0..) - 49.07%] [(0..) - 49.07%] [(0..) - 49.07%] [(0..) - 49.07%] [(0..) - 49.07%] [(0..) - 49.07%] [(0..) - 49.07%] [(0..) - 49.07%] [(0..) - 49.07%] [(0..) - 49.07%] ,0,0.0000,0,525743155.0000
696,10000,510427078.6049,258135,104.5033,1604702.6068,250158240.0000,250466096.6781,250466096.6781,[1] [1] [1] [1] [1] [1] [1] [1] [1] [1] [1] [1] ,[(0..) - 49.07%] [(0..) - 49.07%] [(0..) - 49.07%] [(0..) - 49.07%] [(0..) - 49.07%] [(0..) - 49.07%] [(0..) - 49.07%] [(0..) - 49.07%] [(0..) - 49.07%] [(0..) - 49.07%] [(0..) - 49.07%] [(0..) - 49.07%] ,0,0.0000,0,525743155.0000
708,10000,509799957.7178,263797,121.9280,1131392.1655,250158240.0000,250158677.1245,250158677.1245,[1] [1] [1] [1] [1] [1] [1] [1] [1] [1] [1] [1] ,[(0..) - 49.07%] [(0..) - 49.07%] [(0..) - 49.07%] [(0..) - 49.07%] [(0..) - 49.07%] [(0..) - 49.07%] [(0..) - 49.07%] [(0..) - 49.07%] [(0..) - 49.07%] [(0..) - 49.07%] [(0..) - 49.07%] [(0..) - 49.07%] ,0,0.0000,0,525743155.0000
720,10000,509797887.0888,265390,147.1740,1522389.6056,250158240.0000,250157850.2588,250157850.2588,[1] [1] [1] [1] [1] [1] [1] [1] [1] [1] [1] [1] ,[(0..) - 49.07%] [(0..) - 49.07%] [(0..) - 49.07%] [(0..) - 49.07%] [(0..) - 49.07%] [(0..) - 49.07%] [(0..) - 49.07%] [(0..) - 49.07%] [(0..) - 49.07%] [(0..) - 49.07%] [(0..) - 49.07%] [(0..) - 49.07%] ,0,0.0000,0,525743155.0000
732,10000,509794524.4659,270265,89.7874,2712790.2383,250158240.0000,250156480.6026,250156480.6026,[1] [1] [1] [1] [1] [1] [1] [1] [1] [1] [1] [1] ,[(0..) - 49.07%] [(0..) - 49.07%] [(0..) - 49.07%] [(0..) - 49.07%] [(0..) - 49.07%] [(0..) - 49.07%] [(0..) - 49.07%] [(0..) - 49.07%] [(0..) - 49.07%] [(0..) - 49.07%] [(0..) - 49.07%] [(0..) - 49.07%] ,0,0.0000,0,525743155.0000
744,10000,509799939.5944,272480,117.1673,2179722.4395,250158240.0000,250157718.1244,250157718.1244,[1] [1] [1] [1] [1] [1] [1] [1] [1] [1] [1] [1] ,[(0..) - 49.07%] [(0..) - 49.07%] [(0..) - 49.07%] [(0..) - 49.07%] [(0..) - 49.07%] [(0..) - 49.07%] [(0..) - 49.07%] [(0..) - 49.07%] [(0..) - 49.07%] [(0..) - 49.07%] [(0..) - 49.07%] [(0..) - 49.07%] ,0,0.0000,0,525743155.0000
756,10000,509795434.2107,280888,58.7841,1543881.1963,250158240.0000,250157700.7977,250157700.7977,[1] [1] [1] [1] [1] [1] [1] [1] [1] [1] [1] [1] ,[(0..) - 49.07%] [(0..) - 49.07%] [(0..) - 49.07%] [(0..) - 49.07%] [(0..) - 49.07%] [(0..) - 49.07%] [(0..) - 49.07%] [(0..) - 49.07%] [(0..) - 49.07%] [(0..) - 49.07%] [(0..) - 49.07%] [(0..) - 49.07%] ,0,0.0000,0,525743155.0000
768,10000,509793664.0930,279820,99.8277,1417882.3413,250158240.0000,250155898.4154,250155898.4154,[1] [1] [1] [1] [1] [1] [1] [1] [1] [1] [1] [1] ,[(0..) - 49.07%] [(0..) - 49.07%] [(0..) - 49.07%] [(0..) - 49.07%] [(0..) - 49.07%] [(0..) - 49.07%] [(0..) - 49.07%] [(0..) - 49.07%] [(0..) - 49.07%] [(0..) - 49.07%] [(0..) - 49.07%] [(0..) - 49.07%] ,0,0.0000,0,525743155.0000
780,10000,509792943.9031,282578,109.8780,2129493.7376,250158240.0000,250155436.4403,250155436.4403,[1] [1] [1] [1] [1] [1] [1] [1] [1] [1] [1] [1] ,[(0..) - 49.07%] [(0..) - 49.07%] [(0..) - 49.07%] [(0..) - 49.07%] [(0..) - 49.07%] [(0..) - 49.07%] [(0..) - 49.07%] [(0..) - 49.07%] [(0..) - 49.07%] [(0..) - 49.07%] [(0..) - 49.07%] [(0..) - 49.07%] ,0,0.0000,0,525743155.0000
792,10000,509793799.7619,289899,52.8472,1914501.7901,250158240.0000,250155686.7714,250155686.7714,[1] [1] [1] [1] [1] [1] [1] [1] [1] [1] [1] [1] ,[(0..) - 49.07%] [(0..) - 49.07%] [(0..) - 49.07%] [(0..) - 49.07%] [(0..) - 49.07%] [(0..) - 49.07%] [(0..) - 49.07%] [(0..) - 49.07%] [(0..) - 49.07%] [(0..) - 49.07%] [(0..) - 49.07%] [(0..) - 49.07%] ,0,0.0000,0,525743155.0000
804,10000,509794455.9510,289242,111.4141,3735069.4542,250158240.0000,250155974.2332,250155974.2332,[1] [1] [1] [1] [1] [1] [1] [1] [1] [1] [1] [1] ,[(0..) - 49.07%] [(0..) - 49.07%] [(0..) - 49.07%] [(0..) - 49.07%] [(0..) - 49.07%] [(0..) - 49.07%] [(0..) - 49.07%] [(0..) - 49.07%] [(0..) - 49.07%] [(0..) - 49.07%] [(0..) - 49.07%] [(0..) - 49.07%] ,0,0.0000,0,525743155.0000
816,10000,509797376.2924,293748,106.6478,1375048.9894,250158240.0000,250157163.4858,250157163.4858,[1] [1] [1] [1] [1] [1] [1] [1] [1] [1] [1] [1] ,[(0..) - 49.07%] [(0..) - 49.07%] [(0..) - 49.07%] [(0..) - 49.07%] [(0..) - 49.07%] [(0..) - 49.07%] [(0..) - 49.07%] [(0..) - 49.07%] [(0..) - 49.07%] [(0..) - 49.07%] [(0..) - 49.07%] [(0..) - 49.07%] ,0,0.0000,0,525743155.0000
828,10000,509799391.2377,300927,111.9351,1540574.3301,250158240.0000,250157509.2095,250157509.2095,[1] [1] [1] [1] [1] [1] [1] [1] [1] [1] [1] [1] ,[(0..) - 49.07%] [(0..) - 49.07%] [(0..) - 49.07%] [(0..) - 49.07%] [(0..) - 49.07%] [(0..) - 49.07%] [(0..) - 49.07%] [(0..) - 49.07%] [(0..) - 49.07%] [(0..) - 49.07%] [(0..) - 49.07%] [(0..) - 49.07%] ,0,0.0000,0,525743155.0000
840,10000,509795261.3361,306092,101.5889,1444752.0154,250158240.0000,250157564.4929,250157564.4929,[1] [1] [1] [1] [1] [1] [1] [1] [1] [1] [1] [1] ,[(0..) - 49.07%] [(0..) - 49.07%] [(0..) - 49.07%] [(0..) - 49.07%] [(0..) - 49.07%] [(0..) - 49.07%] [(0..) - 49.07%] [(0..) - 49.07%] [(0..) - 49.07%] [(0..) - 49.07%] [(0..) - 49.07%] [(0..) - 49.07%] ,0,0.0000,0,525743155.0000
852,10000,509792979.2499,312188,95.8699,1177942.5439,250158240.0000,250155880.9455,250155880.9455,[1] [1] [1] [1] [1] [1] [1] [1] [1] [1] [1] [1] ,[(0..) - 49.07%] [(0..) - 49.07%] [(0..) - 49.07%] [(0..) - 49.07%] [(0..) - 49.07%] [(0..) - 49.07%] [(0..) - 49.07%] [(0..) - 49.07%] [(0..) - 49.07%] [(0..) - 49.07%] [(0..) - 49.07%] [(0..) - 49.07%] ,0,0.0000,0,525743155.0000
864,10000,511501596.6318,318614,108.1996,2263008.9137,250158240.0000,250994308.7735,250994308.7735,[1] [1] [1] [1] [1] [1] [1] [1] [1] [1] [1] [1] ,[(0..) - 49.07%] [(0..) - 49.07%] [(0..) - 49.07%] [(0..) - 49.07%] [(0..) - 49.07%] [(0..) - 49.07%] [(0..) - 49.07%] [(0..) - 49.07%] [(0..) - 49.07%] [(0..) - 49.07%] [(0..) - 49.07%] [(0..) - 49.07%] ,0,0.0000,0,525743155.0000
876,10000,509796484.3735,325699,78.9960,1760740.3874,250158240.0000,250156995.4023,250156995.4023,[1] [1] [1] [1] [1] [1] [1] [1] [1] [1] [1] [1] ,[(0..) - 49.07%] [(0..) - 49.07%] [(0..) - 49.07%] [(0..) - 49.07%] [(0..) - 49.07%] [(0..) - 49.07%] [(0..) - 49.07%] [(0..) - 49.07%] [(0..) - 49.07%] [(0..) - 49.07%] [(0..) - 49.07%] [(0..) - 49.07%] ,0,0.0000,0,525743155.0000
888,10000,509794181.1490,327875,99.5823,2431841.9579,250158240.0000,250155745.0767,250155745.0767,[1] [1] [1] [1] [1] [1] [1] [1] [1] [1] [1] [1] ,[(0..) - 49.07%] [(0..) - 49.07%] [(0..) - 49.07%] [(0..) - 49.07%] [(0..) - 49.07%] [(0..) - 49.07%] [(0..) - 49.07%] [(0..) - 49.07%] [(0..) - 49.07%] [(0..) - 49.07%] [(0..) - 49.07%] [(0..) - 49.07%] ,0,0.0000,0,525743155.0000
900,10000,509795888.3913,342211,64.6720,949041.4526,250158240.0000,250156203.4162,250156203.4162,[1] [1] [1] [1] [1] [1] [1] [1] [1] [1] [1] [1] ,[(0..) - 49.07%] [(0..) - 49.07%] [(0..) - 49.07%] [(0..) - 49.07%] [(0..) - 49.07%] [(0..) - 49.07%] [(0..) - 49.07%] [(0..) - 49.07%] [(0..) - 49.07%] [(0..) - 49.07%] [(0..) - 49.07%] [(0..) - 49.07%] ,0,0.0000,0,525743155.0000
912,10000,509794551.6153,333842,71.0869,2802341.4490,250158240.0000,250157063.7431,250157063.7431,[1] [1] [1] [1] [1] [1] [1] [1] [1] [1] [1] [1] ,[(0..) - 49.07%] [(0..) - 49.07%] [(0..) - 49.07%] [(0..) - 49.07%] [(0..) - 49.07%] [(0..) - 49.07%] [(0..) - 49.07%] [(0..) - 49.07%] [(0..) - 49.07%] [(0..) - 49.07%] [(0..) - 49.07%] [(0..) - 49.07%] ,0,0.0000,0,525743155.0000
924,10000,509799334.9168,337009,80.1767,1234612.0188,250158240.0000,250158450.2740,250158450.2740,[1] [1] [1] [1] [1] [1] [1] [1] [1] [1] [1] [1] ,[(0..) - 49.07%] [(0..) - 49.07%] [(0..) - 49.07%] [(0..) - 49.07%] [(0..) - 49.07%] [(0..) - 49.07%] [(0..) - 49.07%] [(0..) - 49.07%] [(0..) - 49.07%] [(0..) - 49.07%] [(0..) - 49.07%] [(0..) - 49.07%] ,0,0.0000,0,525743155.0000
936,10000,509959014.0212,343018,88.1906,1391360.7291,250158240.0000,250237062.3301,250237062.3301,[1] [1] [1] [1] [1] [1] [1] [1] [1] [1] [1] [1] ,[(0..) - 49.07%] [(0..) - 49.07%] [(0..) - 49.07%] [(0..) - 49.07%] [(0..) - 49.07%] [(0..) - 49.07%] [(0..) - 49.07%] [(0..) - 49.07%] [(0..) - 49.07%] [(0..) - 49.07%] [(0..) - 49.07%] [(0..) - 49.07%] ,0,0.0000,0,525743155.0000
948,10000,509794135.7008,344129,82.5521,1984859.1050,250158240.0000,250155932.7610,250155932.7610,[1] [1] [1] [1] [1] [1] [1] [1] [1] [1] [1] [1] ,[(0..) - 49.07%] [(0..) - 49.07%] [(0..) - 49.07%] [(0..) - 49.07%] [(0..) - 49.07%] [(0..) - 49.07%] [(0..) - 49.07%] [(0..) - 49.07%] [(0..) - 49.07%] [(0..) - 49.07%] [(0..) - 49.07%] [(0..) - 49.07%] ,0,0.0000,0,525743155.0000
960,10000,509791412.9267,341851,66.7318,2561382.6166,250158240.0000,250154617.4056,250154617.4056,[1] [1] [1] [1] [1] [1] [1] [1] [1] [1] [1] [1] ,[(0..) - 49.07%] [(0..) - 49.07%] [(0..) - 49.07%] [(0..) - 49.07%] [(0..) - 49.07%] [(0..) - 49.07%] [(0..) - 49.07%] [(0..) - 49.07%] [(0..) - 49.07%] [(0..) - 49.07%] [(0..) - 49.07%] [(0..) - 49.07%] ,0,0.0000,0,525743155.0000
972,10000,509793911.4726,355473,85.4312,651406.7151,250158240.0000,250155967.9426,250155967.9426,[1] [1] [1] [1] [1] [1] [1] [1] [1] [1] [1] [1] ,[(0..) - 49.07%] [(0..) - 49.07%] [(0..) - 49.07%] [(0..) - 49.07%] [(0..) - 49.07%] [(0..) - 49.07%] [(0..) - 49.07%] [(0..) - 49.07%] [(0..) - 49.07%] [(0..) - 49.07%] [(0..) - 49.07%] [(0..) - 49.07%] ,0,0.0000,0,525743155.0000
984,10000,509895075.7450,359843,64.8782,2661871.3799,250158240.0000,250159533.8565,250159533.8565,[1] [1] [1] [1] [1] [1] [1] [1] [1] [1] [1] [1] ,[(0..) - 49.07%] [(0..) - 49.07%] [(0..) - 49.07%] [(0..) - 49.07%] [(0..) - 49.07%] [(0..) - 49.07%] [(0..) - 49.07%] [(0..) - 49.07%] [(0..) - 49.07%] [(0..) - 49.07%] [(0..) - 49.07%] [(0..) - 49.07%] ,0,0.0000,0,525743155.0000
996,10000,509792548.1600,362643,54.0622,2192830.2616,250158240.0000,250201200.7857,250201200.7857,[1] [1] [1] [1] [1] [1] [1] [1] [1] [1] [1] [1] ,[(0..) - 49.07%] [(0..) - 49.07%] [(0..) - 49.07%] [(0..) - 49.07%] [(0..) - 49.07%] [(0..) - 49.07%] [(0..) - 49.07%] [(0..) - 49.07%] [(0..) - 49.07%] [(0..) - 49.07%] [(0..) - 49.07%] [(0..) - 49.07%] ,0,0.0000,0,525743155.0000
1008,10000,509793538.2685,351602,51.3110,2279227.4437,250158240.0000,250155594.5152,250155594.5152,[1] [1] [1] [1] [1] [1] [1] [1] [1] [1] [1] [1] ,[(0..) - 49.07%] [(0..) - 49.07%] [(0..) - 49.07%] [(0..) - 49.07%] [(0..) - 49.07%] [(0..) - 49.07%] [(0..) - 49.07%] [(0..) - 49.07%] [(0..) - 49.07%] [(0..) - 49.07%] [(0..) - 49.07%] [(0..) - 49.07%] ,0,0.0000,0,525743155.0000
1020,10000,509792791.2886,361133,64.6236,2010674.9860,250158240.0000,250155288.0778,250155288.0778,[1] [1] [1] [1] [1] [1] [1] [1] [1] [1] [1] [1] ,[(0..) - 49.07%] [(0..) - 49.07%] [(0..) - 49.07%] [(0..) - 49.07%] [(0..) - 49.07%] [(0..) - 49.07%] [(0..) - 49.07%] [(0..) - 49.07%] [(0..) - 49.07%] [(0..) - 49.07%] [(0..) - 49.07%] [(0..) - 49.07%] ,0,0.0000,0,525743155.0000
1032,10000,509790314.8290,363842,70.1716,1777360.6623,250158240.0000,250154203.0403,250154203.0403,[1] [1] [1] [1] [1] [1] [1] [1] [1] [1] [1] [1] ,[(0..) - 49.07%] [(0..) - 49.07%] [(0..) - 49.07%] [(0..) - 49.07%] [(0..) - 49.07%] [(0..) - 49.07%] [(0..) - 49.07%] [(0..) - 49.07%] [(0..) - 49.07%] [(0..) - 49.07%] [(0..) - 49.07%] [(0..) - 49.07%] ,0,0.0000,0,525743155.0000
1044,10000,509794513.3429,351014,85.3169,3171420.0555,250158240.0000,250155862.3613,250155862.3613,[1] [1] [1] [1] [1] [1] [1] [1] [1] [1] [1] [1] ,[(0..) - 49.07%] [(0..) - 49.07%] [(0..) - 49.07%] [(0..) - 49.07%] [(0..) - 49.07%] [(0..) - 49.07%] [(0..) - 49.07%] [(0..) - 49.07%] [(0..) - 49.07%] [(0..) - 49.07%] [(0..) - 49.07%] [(0..) - 49.07%] ,0,0.0000,0,525743155.0000
1056,10000,509799895.0002,360380,66.5560,1478490.2271,250158240.0000,250158670.2653,250158670.2653,[1] [1] [1] [1] [1] [1] [1] [1] [1] [1] [1] [1] ,[(0..) - 49.07%] [(0..) - 49.07%] [(0..) - 49.07%] [(0..) - 49.07%] [(0..) - 49.07%] [(0..) - 49.07%] [(0..) - 49.07%] [(0..) - 49.07%] [(0..) - 49.07%] [(0..) - 49.07%] [(0..) - 49.07%] [(0..) - 49.07%] ,0,0.0000,0,525743155.0000
1068,10000,509793291.4225,365229,44.8932,3670778.5961,250158240.0000,250155578.6801,250155578.6801,[1] [1] [1] [1] [1] [1] [1] [1] [1] [1] [1] [1] ,[(0..) - 49.07%] [(0..) - 49.07%] [(0..) - 49.07%] [(0..) - 49.07%] [(0..) - 49.07%] [(0..) - 49.07%] [(0..) - 49.07%] [(0..) - 49.07%] [(0..) - 49.07%] [(0..) - 49.07%] [(0..) - 49.07%] [(0..) - 49.07%] ,0,0.0000,0,525743155.0000
1080,10000,509796775.8766,378791,77.0911,3726191.8744,250158240.0000,250157372.6139,250157372.6139,[1] [1] [1] [1] [1] [1] [1] [1] [1] [1] [1] [1] ,[(0..) - 49.07%] [(0..) - 49.07%] [(0..) - 49.07%] [(0..) - 49.07%] [(0..) - 49.07%] [(0..) - 49.07%] [(0..) - 49.07%] [(0..) - 49.07%] [(0..) - 49.07%] [(0..) - 49.07%] [(0..) - 49.07%] [(0..) - 49.07%] ,0,0.0000,0,525743155.0000
1092,10000,509794873.1055,381943,57.8014,2892782.1532,250158240.0000,250156596.8601,250156596.8601,[1] [1] [1] [1] [1] [1] [1] [1] [1] [1] [1] [1] ,[(0..) - 49.07%] [(0..) - 49.07%] [(0..) - 49.07%] [(0..) - 49.07%] [(0..) - 49.07%] [(0..) - 49.07%] [(0..) - 49.07%] [(0..) - 49.07%] [(0..) - 49.07%] [(0..) - 49.07%] [(0..) - 49.07%] [(0..) - 49.07%] ,0,0.0000,0,525743155.0000
1104,10000,509876154.6112,360586,81.1737,4685738.5043,250158240.0000,250196462.7548,250196462.7548,[1] [1] [1] [1] [1] [1] [1] [1] [1] [1] [1] [1] ,[(0..) - 49.07%] [(0..) - 49.07%] [(0..) - 49.07%] [(0..) - 49.07%] [(0..) - 49.07%] [(0..) - 49.07%] [(0..) - 49.07%] [(0..) - 49.07%] [(0..) - 49.07%] [(0..) - 49.07%] [(0..) - 49.07%] [(0..) - 49.07%] ,0,0.0000,0,525743155.0000
1116,10000,509789253.6874,364108,84.5217,1838018.6894,250158240.0000,250153458.4592,250153458.4592,[1] [1] [1] [1] [1] [1] [1] [1] [1] [1] [1] [1] ,[(0..) - 49.07%] [(0..) - 49.07%] [(0..) - 49.07%] [(0..) - 49.07%] [(0..) - 49.07%] [(0..) - 49.07%] [(0..) - 49.07%] [(0..) - 49.07%] [(0..) - 49.07%] [(0..) - 49.07%] [(0..) - 49.07%] [(0..) - 49.07%] ,0,0.0000,0,525743155.0000
1128,10000,509791257.7325,371710,19.3544,1244605.7711,250158240.0000,250154185.3915,250154185.3915,[1] [1] [1] [1] [1] [1] [1] [1] [1] [1] [1] [1] ,[(0..) - 49.07%] [(0..) - 49.07%] [(0..) - 49.07%] [(0..) - 49.07%] [(0..) - 49.07%] [(0..) - 49.07%] [(0..) - 49.07%] [(0..) - 49.07%] [(0..) - 49.07%] [(0..) - 49.07%] [(0..) - 49.07%] [(0..) - 49.07%] ,0,0.0000,0,525743155.0000
1140,10000,509788352.6899,375213,57.7008,2206544.6212,250158240.0000,250153629.7757,250153629.7757,[1] [1] [1] [1] [1] [1] [1] [1] [1] [1] [1] [1] ,[(0..) - 49.07%] [(0..) - 49.07%] [(0..) - 49.07%] [(0..) - 49.07%] [(0..) - 49.07%] [(0..) - 49.07%] [(0..) - 49.07%] [(0..) - 49.07%] [(0..) - 49.07%] [(0..) - 49.07%] [(0..) - 49.07%] [(0..) - 49.07%] ,0,0.0000,0,525743155.0000
1152,10000,509797698.9467,388053,61.3842,2243488.6200,250158240.0000,250157187.6889,250157187.6889,[1] [1] [1] [1] [1] [1] [1] [1] [1] [1] [1] [1] ,[(0..) - 49.07%] [(0..) - 49.07%] [(0..) - 49.07%] [(0..) - 49.07%] [(0..) - 49.07%] [(0..) - 49.07%] [(0..) - 49.07%] [(0..) - 49.07%] [(0..) - 49.07%] [(0..) - 49.07%] [(0..) - 49.07%] [(0..) - 49.07%] ,0,0.0000,0,525743155.0000
1164,10000,509799123.6648,394267,67.4412,2772371.2747,250158240.0000,250158402.0953,250158402.0953,[1] [1] [1] [1] [1] [1] [1] [1] [1] [1] [1] [1] ,[(0..) - 49.07%] [(0..) - 49.07%] [(0..) - 49.07%] [(0..) - 49.07%] [(0..) - 49.07%] [(0..) - 49.07%] [(0..) - 49.07%] [(0..) - 49.07%] [(0..) - 49.07%] [(0..) - 49.07%] [(0..) - 49.07%] [(0..) - 49.07%] ,0,0.0000,0,525743155.0000
1176,10000,509795732.2659,382809,69.1085,4938549.2883,250158240.0000,250156934.0840,250156934.0840,[1] [1] [1] [1] [1] [1] [1] [1] [1] [1] [1] [1] ,[(0..) - 49.07%] [(0..) - 49.07%] [(0..) - 49.07%] [(0..) - 49.07%] [(0..) - 49.07%] [(0..) - 49.07%] [(0..) - 49.07%] [(0..) - 49.07%] [(0..) - 49.07%] [(0..) - 49.07%] [(0..) - 49.07%] [(0..) - 49.07%] ,0,0.0000,0,525743155.0000
1188,10000,509792636.7423,382243,41.7391,2259847.4298,250158240.0000,250155635.6899,250155635.6899,[1] [1] [1] [1] [1] [1] [1] [1] [1] [1] [1] [1] ,[(0..) - 49.07%] [(0..) - 49.07%] [(0..) - 49.07%] [(0..) - 49.07%] [(0..) - 49.07%] [(0..) - 49.07%] [(0..) - 49.07%] [(0..) - 49.07%] [(0..) - 49.07%] [(0..) - 49.07%] [(0..) - 49.07%] [(0..) - 49.07%] ,0,0.0000,0,525743155.0000
1200,10000,510104824.7078,385016,61.4238,2481402.2012,250158240.0000,250308253.0561,250308253.0561,[1] [1] [1] [1] [1] [1] [1] [1] [1] [1] [1] [1] ,[(0..) - 49.07%] [(0..) - 49.07%] [(0..) - 49.07%] [(0..) - 49.07%] [(0..) - 49.07%] [(0..) - 49.07%] [(0..) - 49.07%] [(0..) - 49.07%] [(0..) - 49.07%] [(0..) - 49.07%] [(0..) - 49.07%] [(0..) - 49.07%] ,0,0.0000,0,525743155.0000
